"Hotel name","Manage Name","Manage Mobile Number",Email,"Owner Name","Ownere Mobile Number","hotel Address",registration,city,"police Station",Floor,Rooms,"Direct Employee","OurSource Employee",Website
"Aryan residency",,,,"Biswajit sahoo",7008555042,"Kantabada Chandaka",9040035362,Bhubaneswar,CHANDAKA_PS,4,15,3,0,
"Deras Resort",,,sunilsahoo6815@gmail.com,"Sunil kumar sahoo",9937852727,"Kantabad,chandaka",1234,Bhubaneswar,CHANDAKA_PS,2,8,2,0,null
"Chandaka Resort",,,,"RAJ KUMAR SATPATHY",9337225159,"Near ,deras (mip),barapita ,kantabada (khorda , )",21AAMFC8834G1ZG,Bhubaneswar,CHANDAKA_PS,1,14,16,3,null
"Srikrishna palace",,,,"Deba parasad behera",9437520019,Plot.980gothapatna.malipada.chandaka.bhubaneswr.751003,21AFQPB9309Q1Z7,Bhubaneswar,CHANDAKA_PS,4,12,2,0,null
